Euclidean distance to entrance (meter),Euclidean distance to source of daylight (meter),CO2 Levels in PPM * 0.001
64.24,1.50,654.902
63.26,1.50,654.902
62.26,1.50,619.608
61.26,1.50,619.608
60.27,1.50,568.627
59.27,1.50,568.627
58.29,1.50,529.412
57.32,1.50,529.412
56.36,1.50,509.804
55.42,1.50,509.804
54.49,1.50,494.118
53.58,1.50,494.118
52.71,1.50,462.745
52.09,1.50,462.745
51.42,1.50,423.529
50.01,1.50,423.529
48.90,1.50,392.157
47.85,1.50,392.157
46.82,1.50,376.471
45.81,1.50,376.471
44.81,1.50,372.549
43.84,1.50,372.549
42.88,1.50,360.784
41.97,1.50,360.784
41.09,1.50,337.255
40.24,1.50,337.255
39.52,1.50,325.49
39.28,1.50,325.49
37.86,1.50,313.725
36.63,1.50,313.725
35.54,1.50,298.039
34.53,1.50,298.039
33.56,1.50,282.353
32.65,1.50,282.353
31.79,1.50,278.431
30.97,1.50,278.431
30.16,1.50,286.275
29.39,1.50,286.275
28.65,1.50,290.196
27.96,1.50,290.196
27.33,1.50,298.039
26.78,1.50,298.039
26.37,1.50,301.961
26.13,1.50,301.961
26.16,1.50,317.647
25.96,1.50,317.647
25.16,1.50,349.02
24.74,1.50,349.02
24.54,1.50,380.392
24.56,1.50,380.392
24.64,1.50,396.078
24.78,1.50,396.078
24.95,1.50,396.078
25.16,1.50,396.078
25.41,1.50,392.157
25.69,1.50,392.157
26.03,1.50,396.078
26.49,1.50,396.078
27.15,1.50,392.157
28.40,1.50,392.157
28.17,1.50,411.765
28.28,1.50,411.765
28.66,1.50,450.98
29.22,1.50,450.98
29.86,1.50,498.039
30.54,1.50,498.039
31.27,1.50,533.333
32.03,1.50,533.333
32.84,1.50,549.02
33.68,1.50,549.02
34.53,1.50,564.706
35.40,1.50,564.706
36.27,1.50,576.471
37.16,1.50,576.471
38.08,1.50,572.549
39.03,1.50,572.549
40.01,1.50,545.098
41.02,1.50,545.098
42.05,1.50,505.882
43.14,1.50,505.882
44.29,1.50,470.588
45.82,1.50,470.588
46.07,1.50,450.98
64.12,1.50,654.902
63.10,2.50,654.902
62.08,2.50,619.608
61.07,2.50,619.608
60.06,2.50,568.627
59.05,2.50,568.627
58.05,2.50,529.412
57.05,2.50,529.412
56.05,2.50,509.804
55.07,2.50,509.804
54.10,2.50,494.118
53.16,2.50,494.118
52.23,2.50,462.745
51.31,2.50,462.745
50.44,2.50,423.529
49.78,2.50,423.529
49.90,2.50,392.157
47.77,2.50,392.157
46.67,2.50,376.471
45.61,2.50,376.471
44.57,2.50,372.549
43.56,2.50,372.549
42.56,2.50,360.784
41.57,2.50,360.784
40.61,2.50,337.255
39.70,2.50,337.255
38.83,2.50,325.49
38.02,2.50,325.49
37.51,2.50,313.725
36.87,2.50,313.725
35.42,2.50,298.039
34.27,2.50,298.039
33.22,2.50,282.353
32.22,2.50,282.353
31.27,2.50,278.431
30.38,2.50,278.431
29.55,2.50,286.275
28.73,2.50,286.275
27.95,2.50,290.196
27.22,2.50,290.196
26.54,2.50,298.039
25.92,2.50,298.039
25.43,2.50,301.961
25.13,2.50,301.961
25.08,2.50,317.647
25.40,2.50,317.647
24.34,2.50,349.02
23.80,2.50,349.02
23.54,2.50,380.392
23.56,2.50,380.392
23.65,2.50,396.078
23.79,2.50,396.078
23.97,2.50,396.078
24.19,2.50,396.078
24.44,2.50,392.157
24.73,2.50,392.157
25.11,2.50,396.078
25.69,2.50,396.078
26.59,2.50,392.157
27.28,2.50,392.157
27.05,2.50,411.765
27.32,2.50,411.765
27.81,2.50,450.98
28.43,2.50,450.98
29.11,2.50,498.039
29.83,2.50,498.039
30.60,2.50,533.333
31.41,2.50,533.333
32.26,2.50,549.02
33.12,2.50,549.02
34.00,2.50,564.706
34.89,2.50,564.706
35.79,2.50,576.471
36.75,2.50,576.471
37.74,2.50,572.549
38.75,2.50,572.549
39.78,2.50,545.098
40.86,2.50,545.098
41.99,2.50,505.882
43.75,2.50,505.882
43.84,2.50,470.588
44.55,2.50,470.588
45.43,1.50,450.98
64.14,1.50,658.824
64.03,2.50,658.824
62.22,3.50,619.608
61.08,3.50,619.608
60.05,3.50,568.627
59.02,3.50,568.627
58.00,3.50,533.333
56.99,3.50,533.333
55.98,3.50,509.804
54.98,3.50,509.804
53.99,3.50,490.196
52.99,3.50,490.196
51.90,3.50,458.824
50.94,3.50,458.824
50.00,3.50,423.529
49.07,3.50,423.529
48.17,3.50,396.078
47.32,3.50,396.078
46.79,3.50,388.235
46.00,3.50,388.235
44.62,3.50,384.314
43.54,3.50,384.314
42.49,3.50,372.549
41.46,3.50,372.549
40.46,3.50,352.941
39.46,3.50,352.941
38.37,3.50,341.176
37.47,3.50,341.176
36.60,3.50,333.333
35.81,3.50,333.333
35.33,3.50,321.569
35.64,3.50,321.569
33.26,3.50,309.804
32.13,3.50,309.804
31.07,3.50,309.804
30.07,3.50,309.804
29.01,3.50,321.569
28.16,3.50,321.569
27.33,3.50,329.412
26.54,3.50,329.412
25.80,3.50,333.333
25.13,3.50,333.333
24.54,3.50,341.176
24.14,3.50,341.176
24.01,3.50,360.784
25.11,3.50,360.784
23.88,3.50,392.157
22.92,3.50,392.157
22.55,3.50,423.529
22.56,3.50,423.529
22.65,3.50,443.137
22.80,3.50,443.137
22.99,3.50,439.216
23.21,3.50,439.216
23.48,3.50,435.294
23.78,3.50,435.294
24.27,3.50,431.373
25.26,3.50,431.373
26.34,3.50,423.529
25.96,3.50,423.529
26.02,3.50,431.373
26.42,3.50,431.373
27.02,3.50,462.745
27.69,3.50,462.745
28.42,3.50,501.961
29.20,3.50,501.961
30.02,3.50,529.412
30.88,3.50,529.412
31.76,3.50,549.02
32.65,3.50,549.02
33.55,3.50,560.784
34.62,3.50,560.784
35.62,3.50,564.706
36.64,3.50,564.706
37.69,3.50,560.784
38.78,3.50,560.784
40.04,3.50,533.333
41.07,3.50,533.333
41.49,3.50,494.118
42.30,3.50,494.118
43.18,3.50,458.824
44.10,2.50,458.824
45.03,1.50,443.137
63.59,1.50,658.824
62.63,2.50,658.824
61.69,3.50,619.608
60.77,4.50,619.608
59.92,4.50,568.627
59.36,4.50,568.627
58.99,4.50,533.333
57.40,4.50,533.333
56.32,4.50,509.804
55.34,4.50,509.804
50.64,4.50,458.824
49.68,4.50,423.529
48.72,4.50,423.529
47.78,4.50,396.078
46.84,4.50,396.078
45.92,4.50,388.235
45.04,4.50,388.235
44.23,4.50,384.314
43.70,4.50,384.314
43.23,4.50,372.549
41.86,4.50,372.549
37.04,4.50,341.176
36.13,4.50,333.333
35.23,4.50,333.333
34.38,4.50,321.569
33.63,4.50,321.569
33.15,4.50,309.804
32.88,4.50,309.804
27.64,4.50,321.569
26.77,4.50,329.412
25.93,4.50,329.412
25.12,4.50,333.333
24.39,4.50,333.333
23.72,4.50,341.176
23.18,4.50,341.176
22.97,4.50,360.784
21.57,4.50,423.529
21.56,4.50,423.529
21.66,4.50,443.137
21.81,4.50,443.137
22.01,4.50,439.216
22.24,4.50,439.216
22.52,4.50,435.294
22.86,4.50,435.294
24.85,4.50,423.529
25.06,4.50,431.373
25.61,4.50,431.373
26.28,4.50,462.745
27.01,4.50,462.745
27.80,4.50,501.961
28.64,4.50,501.961
29.51,4.50,529.412
30.40,4.50,529.412
31.30,4.50,549.02
32.22,4.50,549.02
37.86,4.50,564.706
38.13,4.50,560.784
38.59,4.50,560.784
39.22,4.50,533.333
40.06,4.50,533.333
40.95,4.50,494.118
41.87,4.50,494.118
42.80,3.50,458.824
43.75,2.50,458.824
44.70,1.50,443.137
63.33,1.50,654.902
62.36,2.50,654.902
61.39,3.50,611.765
60.42,4.50,611.765
59.47,5.50,568.627
58.52,5.50,568.627
57.60,5.50,533.333
56.72,5.50,533.333
55.94,5.50,505.882
55.46,5.50,505.882
50.39,5.50,450.98
49.41,5.50,427.451
48.44,5.50,427.451
47.47,5.50,411.765
46.51,5.50,411.765
45.55,5.50,403.922
44.61,5.50,403.922
43.69,5.50,392.157
42.80,5.50,392.157
42.00,5.50,372.549
41.55,5.50,372.549
36.68,5.50,356.863
35.73,5.50,356.863
34.80,5.50,356.863
33.88,5.50,349.02
32.99,5.50,349.02
32.19,5.50,337.255
31.75,5.50,337.255
27.17,5.50,345.098
26.28,5.50,352.941
25.39,5.50,352.941
24.53,5.50,352.941
23.71,5.50,352.941
22.97,5.50,360.784
22.32,5.50,360.784
21.97,5.50,388.235
20.59,5.50,458.824
20.56,5.50,458.824
20.67,5.50,482.353
20.83,5.50,482.353
21.03,5.50,474.51
21.27,5.50,474.51
21.56,5.50,458.824
21.93,5.50,458.824
23.84,5.50,439.216
24.20,5.50,447.059
24.86,5.50,447.059
25.60,5.50,466.667
26.40,5.50,466.667
27.26,5.50,494.118
28.15,5.50,494.118
29.06,5.50,525.49
29.97,5.50,525.49
30.90,5.50,552.941
31.84,5.50,552.941
36.57,5.50,568.627
37.02,5.50,549.02
37.82,5.50,549.02
38.71,5.50,517.647
39.63,5.50,517.647
40.57,5.50,482.353
41.52,4.50,482.353
42.48,3.50,447.059
43.45,2.50,447.059
44.42,1.50,439.216
63.14,1.50,654.902
62.16,2.50,654.902
61.17,3.50,611.765
60.18,4.50,611.765
59.20,5.50,568.627
58.22,6.50,568.627
57.25,6.50,533.333
56.29,6.50,533.333
55.36,6.50,505.882
54.49,6.50,505.882
50.20,6.50,450.98
49.21,6.50,427.451
48.22,6.50,427.451
47.24,6.50,411.765
46.25,6.50,411.765
45.27,6.50,403.922
44.29,6.50,403.922
43.33,6.50,392.157
42.37,6.50,392.157
41.44,6.50,372.549
40.58,6.50,372.549
36.39,6.50,356.863
35.42,6.50,356.863
34.46,6.50,356.863
33.50,6.50,349.02
32.55,6.50,349.02
31.62,6.26,337.255
30.76,5.85,337.255
26.77,5.50,345.098
25.84,5.50,352.941
24.92,5.50,352.941
24.02,5.50,352.941
23.14,5.50,352.941
22.30,5.50,360.784
21.56,5.50,360.784
20.92,5.50,388.235
19.53,5.59,458.824
19.56,5.85,458.824
19.67,6.26,482.353
19.84,6.50,482.353
20.05,6.50,474.51
20.31,6.50,474.51
20.60,6.50,458.824
20.95,6.50,458.824
22.80,6.50,439.216
23.45,6.50,447.059
24.19,6.50,447.059
25.01,6.50,466.667
25.90,6.50,466.667
26.80,6.50,494.118
27.73,6.50,494.118
28.66,6.50,525.49
29.60,6.50,525.49
30.55,6.50,552.941
31.50,6.50,552.941
35.60,6.50,568.627
36.46,6.50,549.02
37.38,6.50,549.02
38.34,6.50,517.647
39.30,6.50,517.647
40.28,5.50,482.353
41.25,4.50,482.353
42.23,3.50,447.059
43.21,2.50,447.059
44.19,1.50,439.216
63.02,1.50,643.137
62.03,2.50,643.137
61.03,3.50,600
60.04,4.50,600
59.04,5.50,568.627
58.05,6.50,568.627
57.05,7.50,545.098
56.06,7.50,545.098
55.07,7.50,521.569
54.08,7.50,521.569
53.12,7.50,486.275
52.14,7.91,486.275
51.08,7.50,454.902
50.07,7.50,454.902
49.07,7.50,439.216
48.08,7.50,439.216
47.08,7.50,431.373
46.09,7.50,431.373
45.09,7.50,419.608
44.10,7.50,419.608
43.11,7.50,396.078
42.12,7.50,396.078
41.13,7.50,376.471
40.15,7.50,376.471
39.19,7.50,364.706
38.23,7.91,364.706
37.18,7.50,368.627
36.18,7.50,368.627
35.19,7.50,372.549
34.21,7.50,372.549
33.23,6.73,368.627
32.25,6.02,368.627
31.27,5.41,356.863
30.30,4.92,356.863
29.36,4.61,356.863
28.42,4.50,356.863
27.40,4.50,364.706
26.43,4.50,364.706
25.47,4.50,364.706
24.53,4.50,364.706
23.59,4.50,368.627
22.67,4.50,368.627
21.76,4.50,376.471
20.90,4.50,376.471
20.14,4.50,407.843
19.52,4.50,407.843
19.03,4.50,447.059
18.68,4.50,447.059
18.52,4.61,486.275
18.56,4.92,486.275
18.68,5.41,509.804
18.86,6.02,509.804
19.08,6.73,505.882
19.35,7.50,505.882
19.65,7.50,486.275
20.00,7.50,486.275
20.39,7.50,470.588
20.86,7.91,470.588
21.40,7.50,462.745
22.04,7.50,462.745
22.79,7.50,474.51
23.64,7.50,474.51
24.55,7.50,486.275
25.48,7.50,486.275
26.42,7.50,494.118
27.37,7.50,494.118
28.33,7.50,521.569
29.29,7.50,521.569
30.26,7.50,552.941
31.23,7.50,552.941
32.21,7.50,568.627
33.25,7.91,568.627
34.20,7.50,564.706
35.15,7.50,564.706
36.13,7.50,545.098
37.11,7.50,545.098
38.09,7.50,517.647
39.08,6.50,517.647
40.07,5.50,482.353
41.06,4.50,482.353
42.05,3.50,454.902
43.04,2.50,454.902
44.03,1.50,443.137
62.95,1.50,643.137
61.95,2.50,643.137
60.95,3.50,600
59.96,4.50,600
58.96,5.50,568.627
57.96,6.50,568.627
56.96,7.50,545.098
55.96,8.50,545.098
54.96,8.50,521.569
53.97,8.50,521.569
52.97,8.50,486.275
51.97,9.19,486.275
50.97,8.50,454.902
49.98,8.50,454.902
48.98,8.50,439.216
47.98,8.50,439.216
46.98,8.50,431.373
45.99,8.50,431.373
44.99,8.50,419.608
43.99,8.50,419.608
42.99,8.50,396.078
41.99,8.50,396.078
41.00,8.50,376.471
40.00,8.50,376.471
39.00,8.50,364.706
38.01,9.19,364.706
37.01,8.50,368.627
36.02,8.50,368.627
35.03,8.32,372.549
34.03,6.95,372.549
33.04,6.10,368.627
32.05,5.32,368.627
31.06,4.61,356.863
30.08,4.03,356.863
29.09,3.64,356.863
28.11,3.50,356.863
27.13,3.50,364.706
26.15,3.50,364.706
25.17,3.50,364.706
24.20,3.50,364.706
23.24,3.50,368.627
22.28,3.50,368.627
21.33,3.50,376.471
20.40,3.50,376.471
19.51,3.50,407.843
18.73,3.50,407.843
18.14,3.50,447.059
17.72,3.50,447.059
17.53,3.64,486.275
17.56,4.03,486.275
17.69,4.61,509.804
17.88,5.32,509.804
18.11,6.10,505.882
18.39,6.95,505.882
18.71,8.32,486.275
19.07,8.50,486.275
19.49,8.50,470.588
19.99,9.19,470.588
20.62,8.50,462.745
21.39,8.50,462.745
22.29,8.50,474.51
23.23,8.50,474.51
24.18,8.50,486.275
25.14,8.50,486.275
26.11,8.50,494.118
27.08,8.50,494.118
28.06,8.50,521.569
29.04,8.50,521.569
30.02,8.50,552.941
31.00,8.50,552.941
31.99,8.50,568.627
32.98,9.19,568.627
33.97,8.50,564.706
34.96,8.50,564.706
35.95,8.50,545.098
36.94,8.50,545.098
37.93,7.50,517.647
38.93,6.50,517.647
39.92,5.50,482.353
40.91,4.50,482.353
41.91,3.50,454.902
42.90,2.50,454.902
43.90,1.50,443.137
62.90,1.50,631.373
61.90,2.50,631.373
60.90,3.50,592.157
59.90,4.50,592.157
58.90,5.50,572.549
57.90,6.50,572.549
56.90,7.50,556.863
55.90,8.50,556.863
54.90,9.50,537.255
53.90,9.50,537.255
52.90,9.50,501.961
51.91,9.62,501.961
50.91,9.50,470.588
49.91,9.50,470.588
48.91,9.50,450.98
47.91,9.50,450.98
46.91,9.50,439.216
45.91,9.50,439.216
44.91,9.50,427.451
43.91,9.50,427.451
42.91,9.50,407.843
41.92,9.50,407.843
40.92,9.50,392.157
39.92,9.50,392.157
38.92,9.50,380.392
37.92,9.62,380.392
36.92,9.50,384.314
35.91,8.38,384.314
34.91,7.43,384.314
33.91,6.50,384.314
32.91,5.59,372.549
31.91,4.72,372.549
30.92,3.91,360.784
29.92,3.20,360.784
28.93,2.69,364.706
27.93,2.50,364.706
26.94,2.50,376.471
25.94,2.50,376.471
24.95,2.50,384.314
23.96,2.50,384.314
22.97,2.50,388.235
21.99,2.50,388.235
21.01,2.50,396.078
20.03,2.50,396.078
19.07,2.50,423.529
18.13,2.50,423.529
17.31,2.50,462.745
16.78,2.50,462.745
16.53,2.69,505.882
16.56,3.20,505.882
16.70,3.91,537.255
16.90,4.72,537.255
17.14,5.59,537.255
17.43,6.50,537.255
17.77,7.43,521.569
18.15,8.38,521.569
18.60,9.50,505.882
19.20,9.62,505.882
20.03,9.50,498.039
20.97,9.50,498.039
21.94,9.50,505.882
22.92,9.50,505.882
23.90,9.50,509.804
24.89,9.50,509.804
25.88,9.50,513.725
26.87,9.50,513.725
27.86,9.50,521.569
28.85,9.50,521.569
29.85,9.50,541.176
30.84,9.50,541.176
31.84,9.50,552.941
32.83,9.62,552.941
33.83,9.50,552.941
34.83,9.50,552.941
35.83,9.50,545.098
36.82,8.50,545.098
37.82,7.50,529.412
38.82,6.50,529.412
39.82,5.50,501.961
40.82,4.50,501.961
41.82,3.50,470.588
42.82,2.50,470.588
43.82,1.50,454.902
62.91,1.50,631.373
61.91,2.50,631.373
60.92,3.50,592.157
59.95,4.50,592.157
58.96,5.50,572.549
57.90,6.50,572.549
56.90,7.50,556.863
55.90,8.50,556.863
54.91,9.50,537.255
53.92,10.50,537.255
52.94,10.50,501.961
51.96,10.61,501.961
50.96,10.50,470.588
49.96,10.50,470.588
48.96,10.50,450.98
47.96,10.50,450.98
46.96,10.50,439.216
45.96,10.50,439.216
44.96,10.50,427.451
43.96,10.50,427.451
42.96,10.50,407.843
41.96,10.50,407.843
40.96,10.50,392.157
39.95,10.50,392.157
38.95,10.50,380.392
37.95,10.11,380.392
36.88,9.12,384.314
35.88,8.14,384.314
34.88,7.16,384.314
33.88,6.18,384.314
32.88,5.22,372.549
31.88,4.27,372.549
30.88,3.35,360.784
29.88,2.50,360.784
28.90,1.80,364.706
27.92,1.50,364.706
26.91,1.50,376.471
25.91,1.50,376.471
24.91,1.50,384.314
23.91,1.50,384.314
22.90,1.50,388.235
21.90,1.50,388.235
20.89,1.50,396.078
19.89,1.50,396.078
18.88,1.50,423.529
17.87,1.50,423.529
16.86,1.50,462.745
15.90,1.50,462.745
15.53,1.80,505.882
15.57,2.50,505.882
15.71,3.35,537.255
15.92,4.27,537.255
16.17,5.22,537.255
16.48,6.18,537.255
16.83,7.16,521.569
17.23,8.14,521.569
17.77,9.12,505.882
18.78,10.11,505.882
19.80,10.50,498.039
20.80,10.50,498.039
21.81,10.50,505.882
22.81,10.50,505.882
23.82,10.50,509.804
24.82,10.50,509.804
25.83,10.50,513.725
26.83,10.50,513.725
27.83,10.50,521.569
28.83,10.50,521.569
29.84,10.50,541.176
30.84,10.50,541.176
31.84,10.50,552.941
32.84,10.61,552.941
33.82,10.50,552.941
34.81,10.50,552.941
35.80,9.50,545.098
36.80,8.50,545.098
37.79,7.50,529.412
38.80,6.50,529.412
39.86,5.50,501.961
40.84,4.50,501.961
41.82,3.50,470.588
42.81,2.50,470.588
43.81,1.50,454.902
63.11,1.50,615.686
62.18,2.50,615.686
61.30,3.50,584.314
57.07,7.50,560.784
56.11,8.50,560.784
55.17,9.50,549.02
54.30,10.50,549.02
35.97,8.14,396.078
34.98,7.02,388.235
34.00,6.02,388.235
33.03,5.02,376.471
32.06,4.03,376.471
31.13,3.04,368.627
30.25,2.06,368.627
14.55,1.12,501.961
14.57,2.06,501.961
14.73,3.04,537.255
14.94,4.03,537.255
15.21,5.02,552.941
15.53,6.02,552.941
15.90,7.02,545.098
16.34,8.14,545.098
35.17,10.50,537.255
36.05,9.50,541.176
36.99,8.50,541.176
37.95,7.50,537.255
42.19,3.50,482.353
43.07,2.50,482.353
44.01,1.50,458.824
63.54,1.50,615.686
62.72,2.50,615.686
62.26,3.50,584.314
57.42,7.91,560.784
56.53,9.19,560.784
55.71,9.62,549.02
55.26,10.61,549.02
36.20,8.00,396.078
35.24,7.00,388.235
34.30,6.00,388.235
33.38,5.00,376.471
32.49,4.00,376.471
31.66,3.00,368.627
31.21,2.00,368.627
13.57,1.00,501.961
13.57,2.00,501.961
13.74,3.00,537.255
13.97,4.00,537.255
14.25,5.00,552.941
14.59,6.00,552.941
14.98,7.00,545.098
15.46,8.00,545.098
36.14,10.61,537.255
36.59,9.62,541.176
37.41,9.19,541.176
38.30,7.91,537.255
43.15,3.50,482.353
43.61,2.50,482.353
44.43,1.50,458.824
64.34,1.50,600
63.78,2.50,600
63.49,3.50,572.549
57.92,7.50,549.02
57.13,8.50,549.02
56.53,9.50,545.098
56.28,10.50,545.098
36.54,8.00,392.157
35.63,7.00,388.235
34.73,6.00,388.235
33.87,5.00,384.314
33.08,4.00,384.314
32.48,3.00,380.392
32.22,2.00,380.392
12.57,1.00,486.275
12.58,2.00,486.275
12.76,3.00,517.647
13.00,4.00,517.647
13.30,5.00,541.176
13.66,6.00,541.176
14.07,7.00,552.941
14.57,8.00,552.941
37.15,10.50,541.176
37.40,9.50,541.176
38.00,8.50,541.176
38.80,7.50,529.412
44.38,3.50,478.431
44.67,2.50,478.431
45.23,1.50,447.059
64.55,1.50,600
63.47,2.50,600
62.40,3.50,572.549
61.37,4.50,572.549
60.37,5.50,556.863
59.32,6.50,556.863
58.54,7.50,549.02
57.91,8.50,549.02
57.47,9.50,545.098
57.28,10.50,545.098
36.98,8.00,392.157
36.11,7.00,388.235
35.27,6.00,388.235
34.49,5.00,384.314
33.85,4.00,384.314
33.42,3.00,380.392
33.23,2.00,380.392
11.56,1.00,486.275
11.59,2.00,486.275
11.78,3.00,517.647
12.03,4.00,517.647
12.36,5.00,541.176
12.74,6.00,541.176
13.17,7.00,552.941
13.69,8.00,552.941
38.16,10.50,541.176
38.35,9.50,541.176
38.78,8.50,541.176
39.42,7.50,529.412
40.20,6.50,529.412
41.25,5.50,509.804
42.25,4.50,509.804
43.28,3.50,478.431
44.35,2.50,478.431
45.43,1.50,447.059
64.53,1.50,584.314
63.52,2.50,584.314
62.53,3.50,556.863
61.58,4.50,556.863
60.72,5.50,529.412
59.96,6.50,529.412
59.30,7.50,521.569
58.80,8.50,521.569
58.44,9.50,521.569
58.29,10.50,521.569
37.50,8.00,380.392
36.67,7.00,384.314
35.91,6.00,384.314
35.25,5.00,384.314
34.75,4.00,384.314
34.38,3.00,380.392
34.24,2.00,380.392
10.56,1.00,482.353
10.59,2.00,482.353
10.80,3.00,501.961
11.07,4.00,501.961
11.42,5.00,533.333
11.82,6.00,533.333
12.28,7.00,560.784
12.83,8.00,560.784
39.16,10.50,568.627
39.31,9.50,552.941
39.68,8.50,552.941
40.18,7.50,533.333
40.83,6.50,533.333
41.60,5.50,505.882
42.46,4.50,505.882
43.41,3.50,478.431
44.40,2.50,478.431
45.41,1.50,439.216
64.77,1.50,584.314
63.83,2.50,584.314
62.94,3.50,556.863
62.12,4.50,556.863
61.37,5.50,529.412
60.70,6.50,529.412
60.16,7.50,521.569
59.73,8.50,521.569
59.41,9.50,521.569
59.29,10.50,521.569
38.09,8.00,380.392
37.32,7.00,384.314
36.65,6.00,384.314
36.11,5.00,384.314
35.68,4.00,384.314
35.36,3.00,380.392
35.24,2.00,380.392
9.56,1.00,482.353
9.60,2.00,482.353
9.82,3.00,501.961
10.12,4.00,501.961
10.49,5.00,533.333
10.92,6.00,533.333
11.41,7.00,560.784
11.98,8.00,560.784
40.17,10.50,568.627
40.28,9.50,552.941
40.61,8.50,552.941
41.04,7.50,533.333
41.58,6.50,533.333
42.25,5.50,505.882
43.00,4.50,505.882
43.81,3.50,478.431
44.71,2.50,478.431
45.65,1.50,439.216
65.18,1.50,564.706
64.32,2.50,564.706
63.53,3.50,537.255
62.79,4.50,537.255
62.11,5.50,505.882
61.54,6.50,505.882
61.07,7.50,498.039
60.68,8.50,498.039
60.39,9.50,505.882
60.30,10.50,505.882
38.75,8.00,380.392
38.06,7.00,380.392
37.49,6.00,380.392
37.01,5.00,376.471
36.63,4.00,376.471
36.34,3.00,376.471
36.25,2.00,376.471
8.55,1.00,486.275
8.61,2.00,486.275
8.85,3.00,509.804
9.17,4.00,509.804
9.57,5.00,545.098
10.03,6.00,545.098
10.55,7.00,580.392
11.16,8.00,580.392
41.17,10.50,596.078
41.27,9.50,576.471
41.56,8.50,576.471
41.94,7.50,549.02
42.42,6.50,549.02
42.99,5.50,517.647
43.66,4.50,517.647
44.41,3.50,490.196
45.20,2.50,490.196
46.05,1.50,450.98
65.73,1.50,564.706
64.94,2.50,564.706
64.20,3.50,537.255
63.53,4.50,537.255
62.93,5.50,505.882
62.42,6.50,505.882
61.99,7.50,498.039
61.64,8.50,498.039
61.38,9.50,505.882
61.30,10.50,505.882
39.49,8.00,380.392
38.87,7.00,380.392
38.37,6.00,380.392
37.94,5.00,376.471
37.59,4.00,376.471
37.32,3.00,376.471
37.25,2.00,376.471
7.55,1.00,486.275
7.62,2.00,486.275
7.89,3.00,509.804
8.24,4.00,509.804
8.67,5.00,545.098
9.16,6.00,545.098
9.73,7.00,580.392
10.38,8.00,580.392
42.18,10.50,596.078
42.25,9.50,576.471
42.51,8.50,576.471
42.87,7.50,549.02
43.30,6.50,549.02
43.81,5.50,517.647
44.40,4.50,517.647
45.08,3.50,490.196
45.81,2.50,490.196
46.61,1.50,450.98
66.36,1.50,541.176
65.62,2.50,541.176
64.94,3.50,513.725
64.33,4.50,513.725
63.79,5.50,494.118
63.32,6.50,494.118
62.93,7.50,486.275
62.60,8.50,486.275
62.36,9.50,490.196
62.31,10.50,490.196
40.30,8.00,380.392
39.73,7.00,376.471
39.27,6.00,376.471
38.87,5.00,372.549
38.55,4.00,372.549
38.31,3.00,364.706
38.25,2.00,364.706
6.55,1.00,501.961
6.64,2.00,501.961
6.93,3.00,529.412
7.31,4.00,529.412
7.78,5.00,568.627
8.32,6.00,568.627
8.94,7.00,607.843
9.65,8.00,607.843
43.18,10.50,627.451
43.24,9.50,596.078
43.48,8.50,596.078
43.80,7.50,556.863
44.20,6.50,556.863
44.67,5.50,521.569
45.20,4.50,521.569
45.81,3.50,490.196
46.49,2.50,490.196
47.24,1.50,450.98
67.05,1.50,541.176
66.35,2.50,541.176
65.73,3.50,513.725
65.17,4.50,513.725
64.68,5.50,494.118
64.24,6.50,494.118
63.87,7.50,486.275
63.57,8.50,486.275
63.35,9.50,490.196
63.31,10.50,490.196
41.15,8.00,380.392
40.62,7.00,376.471
40.19,6.00,376.471
39.82,5.00,372.549
39.52,4.00,372.549
39.30,3.00,364.706
39.26,2.00,364.706
5.54,1.00,501.961
5.66,2.00,501.961
5.98,3.00,529.412
6.41,4.00,529.412
6.92,5.00,568.627
7.53,6.00,568.627
8.22,7.00,607.843
9.00,8.00,607.843
44.18,10.50,627.451
44.23,9.50,596.078
44.45,8.50,596.078
44.75,7.50,556.863
45.12,6.50,556.863
45.55,5.50,521.569
46.05,4.50,521.569
46.60,3.50,490.196
47.23,2.50,490.196
47.93,1.50,450.98
67.79,1.50,513.725
67.13,2.50,513.725
66.56,3.50,494.118
66.04,4.50,494.118
65.58,5.50,486.275
65.17,6.50,486.275
64.83,7.50,478.431
64.55,8.50,478.431
64.35,9.50,470.588
64.31,10.50,470.588
42.02,8.00,392.157
41.52,7.00,384.314
41.12,6.00,384.314
40.77,5.00,380.392
40.50,4.00,380.392
40.29,3.00,372.549
40.26,2.00,372.549
4.54,1.00,509.804
4.68,2.00,509.804
5.05,3.00,545.098
5.53,4.00,545.098
6.11,5.00,584.314
6.81,6.00,584.314
7.59,7.00,619.608
8.42,8.00,619.608
45.19,10.50,643.137
45.22,9.50,600
45.42,8.50,600
45.70,7.50,549.02
46.05,6.50,549.02
46.45,5.50,509.804
46.92,4.50,509.804
47.43,3.50,474.51
48.01,2.50,474.51
48.66,1.50,435.294
68.57,1.50,513.725
67.95,2.50,513.725
67.41,3.50,494.118
66.92,4.50,494.118
66.49,5.50,486.275
66.11,6.50,486.275
65.79,7.50,478.431
65.53,8.50,478.431
65.34,9.50,470.588
65.32,10.50,470.588
42.92,8.00,392.157
42.44,7.00,384.314
42.06,6.00,384.314
41.73,5.00,380.392
41.48,4.00,380.392
41.29,3.00,372.549
41.26,2.00,372.549
3.53,1.00,509.804
3.72,2.00,509.804
4.14,3.00,545.098
4.70,4.00,545.098
5.40,5.00,584.314
6.19,6.00,584.314
7.04,7.00,619.608
7.92,8.00,619.608
46.19,10.50,643.137
46.21,9.50,600
46.40,8.50,600
46.66,7.50,549.02
46.98,6.50,549.02
47.36,5.50,509.804
47.80,4.50,509.804
48.29,3.50,474.51
48.83,2.50,474.51
49.44,1.50,435.294
69.60,1.50,501.961
68.94,2.50,501.961
68.29,3.50,482.353
66.84,7.50,466.667
66.60,8.50,466.667
66.42,9.50,450.98
66.31,10.50,450.98
43.99,8.00,427.451
43.48,7.00,415.686
43.11,6.00,415.686
42.80,5.00,407.843
42.55,4.00,407.843
42.37,3.00,400
42.26,2.00,400
2.52,1.00,498.039
2.77,2.00,498.039
3.28,3.00,537.255
3.99,4.00,537.255
4.81,5.00,572.549
5.68,6.00,572.549
6.59,7.00,611.765
7.52,8.00,611.765
47.18,10.50,639.216
47.24,9.50,600
47.42,8.50,600
47.68,7.50,545.098
49.16,3.50,466.667
49.73,2.50,466.667
50.35,1.50,423.529
69.10,1.50,501.961
68.54,2.50,501.961
68.22,3.50,482.353
66.85,7.52,466.667
66.54,8.63,466.667
66.39,9.62,450.98
66.30,10.61,450.98
43.72,8.00,427.451
43.27,7.00,415.686
42.96,6.00,415.686
42.69,5.00,407.843
42.48,4.00,407.843
42.33,3.00,400
42.25,2.00,400
1.52,1.00,498.039
1.87,2.00,498.039
2.59,3.00,537.255
3.44,4.00,537.255
4.35,5.00,572.549
5.29,6.00,572.549
6.25,7.00,611.765
7.21,8.00,611.765
47.44,10.50,639.216
47.57,9.50,600
47.71,8.50,600
48.04,7.50,545.098
49.32,3.50,466.667
49.67,2.50,466.667
50.23,1.50,423.529
68.21,1.50,505.882
67.65,2.50,505.882
67.17,3.50,482.353
65.73,7.50,450.98
65.49,8.50,450.98
65.32,9.50,431.373
65.31,10.50,431.373
42.73,8.00,462.745
42.29,7.00,450.98
41.95,6.00,450.98
41.66,5.00,439.216
41.43,4.00,439.216
41.27,3.00,427.451
41.26,2.00,427.451
0.50,1.00,490.196
1.20,2.00,490.196
2.11,3.00,521.569
3.08,4.00,521.569
4.06,5.00,556.863
5.04,6.00,556.863
6.03,7.00,592.157
7.03,8.00,592.157
46.41,10.61,639.216
46.42,9.62,600
46.59,8.63,600
46.83,7.52,552.941
48.27,3.50,474.51
48.75,2.50,474.51
49.31,1.50,431.373
67.38,1.50,505.882
66.79,2.50,505.882
66.28,3.50,482.353
65.82,4.50,482.353
65.41,5.50,466.667
65.05,6.50,466.667
64.75,7.50,450.98
64.50,8.50,450.98
64.33,9.50,431.373
64.31,10.50,431.373
41.81,8.00,462.745
41.36,7.00,450.98
41.00,6.00,450.98
40.69,5.00,439.216
40.45,4.00,439.216
40.27,3.00,427.451
40.26,2.00,427.451
0.50,1.00,490.196
1.20,2.00,490.196
2.11,3.00,521.569
3.08,4.00,521.569
4.06,5.00,556.863
5.04,6.00,556.863
6.03,7.00,592.157
7.03,8.00,592.157
45.41,10.50,639.216
45.43,9.50,600
45.60,8.50,600
45.85,7.50,552.941
46.15,6.50,552.941
46.51,5.50,509.804
46.92,4.50,509.804
47.38,3.50,474.51
47.89,2.50,474.51
48.48,1.50,431.373
66.56,1.50,525.49
65.95,2.50,525.49
65.41,3.50,494.118
64.92,4.50,494.118
64.49,5.50,462.745
64.10,6.50,462.745
63.78,7.50,435.294
63.52,8.50,435.294
63.33,9.50,419.608
63.31,10.50,419.608
40.91,8.00,490.196
40.43,7.00,474.51
40.05,6.00,474.51
39.73,5.00,458.824
39.47,4.00,458.824
39.28,3.00,443.137
39.26,2.00,443.137
1.52,1.00,486.275
1.87,2.00,486.275
2.59,3.00,513.725
3.44,4.00,513.725
4.35,5.00,545.098
5.29,6.00,545.098
6.25,7.00,580.392
7.21,8.00,580.392
44.41,10.50,631.373
44.43,9.50,600
44.62,8.50,600
44.88,7.50,560.784
45.21,6.50,560.784
45.59,5.50,517.647
46.02,4.50,517.647
46.51,3.50,482.353
47.05,2.50,482.353
47.66,1.50,431.373
65.78,1.50,525.49
65.13,2.50,525.49
64.55,3.50,494.118
64.03,4.50,494.118
63.57,5.50,462.745
63.17,6.50,462.745
62.82,7.50,435.294
62.54,8.50,435.294
62.34,9.50,419.608
62.31,10.50,419.608
40.02,8.00,490.196
39.52,7.00,474.51
39.11,6.00,474.51
38.77,5.00,458.824
38.49,4.00,458.824
38.29,3.00,443.137
38.25,2.00,443.137
2.52,1.00,486.275
2.77,2.00,486.275
3.28,3.00,513.725
3.99,4.00,513.725
4.81,5.00,545.098
5.68,6.00,545.098
6.59,7.00,580.392
7.52,8.00,580.392
43.41,10.50,631.373
43.44,9.50,600
43.65,8.50,600
43.92,7.50,560.784
44.27,6.50,560.784
44.67,5.50,517.647
45.14,4.50,517.647
45.65,3.50,482.353
46.23,2.50,482.353
46.88,1.50,431.373
65.04,1.50,549.02
64.34,2.50,549.02
63.72,3.50,517.647
63.17,4.50,517.647
62.67,5.50,474.51
62.24,6.50,474.51
61.87,7.50,439.216
61.57,8.50,439.216
61.35,9.50,427.451
61.30,10.50,427.451
39.14,8.00,501.961
38.61,7.00,482.353
38.18,6.00,482.353
37.81,5.00,462.745
37.52,4.00,462.745
37.29,3.00,443.137
37.25,2.00,443.137
3.53,1.00,498.039
3.72,2.00,498.039
4.14,3.00,513.725
4.70,4.00,513.725
5.40,5.00,549.02
6.19,6.00,549.02
7.04,7.00,584.314
7.92,8.00,584.314
42.41,10.50,619.608
42.45,9.50,596.078
42.67,8.50,596.078
42.97,7.50,556.863
43.34,6.50,556.863
43.77,5.50,513.725
44.27,4.50,513.725
44.82,3.50,470.588
45.45,2.50,470.588
46.15,1.50,419.608
64.36,1.50,549.02
63.61,2.50,549.02
62.93,3.50,517.647
62.32,4.50,517.647
61.79,5.50,474.51
61.32,6.50,474.51
60.92,7.50,439.216
60.60,8.50,439.216
60.36,9.50,427.451
60.30,10.50,427.451
38.29,8.00,501.961
37.73,7.00,482.353
37.27,6.00,482.353
36.87,5.00,462.745
36.55,4.00,462.745
36.30,3.00,443.137
36.25,2.00,443.137
4.54,1.00,498.039
4.68,2.00,498.039
5.05,3.00,513.725
5.53,4.00,513.725
6.11,5.00,549.02
6.81,6.00,549.02
7.59,7.00,584.314
8.42,8.00,584.314
41.40,10.50,619.608
41.46,9.50,596.078
41.70,8.50,596.078
42.02,7.50,556.863
42.42,6.50,556.863
42.89,5.50,513.725
43.42,4.50,513.725
44.03,3.50,470.588
44.71,2.50,470.588
45.46,1.50,419.608
63.72,1.50,576.471
62.93,2.50,576.471
62.19,3.50,549.02
61.52,4.50,549.02
60.93,5.50,505.882
60.42,6.50,505.882
59.99,7.50,470.588
59.63,8.50,470.588
59.37,9.50,458.824
59.30,10.50,458.824
37.48,8.00,509.804
36.87,7.00,490.196
36.36,6.00,490.196
35.93,5.00,466.667
35.58,4.00,466.667
35.32,3.00,443.137
35.24,2.00,443.137
5.54,1.00,513.725
5.66,2.00,513.725
5.98,3.00,521.569
6.41,4.00,521.569
6.92,5.00,549.02
7.53,6.00,549.02
8.22,7.00,584.314
9.00,8.00,584.314
40.40,10.50,619.608
40.47,9.50,596.078
40.73,8.50,596.078
41.09,7.50,556.863
41.52,6.50,556.863
42.03,5.50,505.882
42.62,4.50,505.882
43.30,3.50,462.745
44.04,2.50,462.745
44.83,1.50,415.686
63.17,1.50,576.471
62.31,2.50,576.471
61.52,3.50,549.02
60.78,4.50,549.02
60.11,5.50,505.882
59.54,6.50,505.882
59.06,7.50,470.588
58.68,8.50,470.588
58.39,9.50,458.824
58.29,10.50,458.824
36.74,8.00,509.804
36.05,7.00,490.196
35.48,6.00,490.196
35.01,5.00,466.667
34.62,4.00,466.667
34.33,3.00,443.137
34.24,2.00,443.137
6.55,1.00,513.725
6.64,2.00,513.725
6.93,3.00,521.569
7.31,4.00,521.569
7.78,5.00,549.02
8.32,6.00,549.02
8.94,7.00,584.314
9.65,8.00,584.314
39.39,10.50,619.608
39.49,9.50,596.078
39.78,8.50,596.078
40.16,7.50,556.863
40.64,6.50,556.863
41.21,5.50,505.882
41.88,4.50,505.882
42.63,3.50,462.745
43.42,2.50,462.745
44.27,1.50,415.686
62.77,1.50,603.922
61.83,2.50,603.922
60.93,3.50,580.392
60.12,4.50,580.392
59.36,5.50,537.255
58.70,6.50,537.255
58.16,7.50,505.882
57.73,8.50,505.882
57.40,9.50,490.196
57.29,10.50,490.196
36.08,8.00,521.569
35.31,7.00,505.882
34.64,6.00,505.882
34.10,5.00,486.275
33.68,4.00,486.275
33.35,3.00,462.745
33.24,2.00,462.745
7.55,1.00,517.647
7.62,2.00,517.647
7.89,3.00,521.569
8.24,4.00,521.569
8.67,5.00,541.176
9.16,6.00,541.176
9.73,7.00,572.549
10.38,8.00,572.549
38.39,10.50,619.608
38.51,9.50,600
38.83,8.50,600
39.26,7.50,560.784
39.80,6.50,560.784
40.47,5.50,513.725
41.22,4.50,513.725
42.03,3.50,466.667
42.93,2.50,466.667
43.87,1.50,419.608
62.53,1.50,603.922
61.52,2.50,603.922
60.53,3.50,580.392
59.57,4.50,580.392
58.71,5.50,537.255
57.95,6.50,537.255
57.29,7.50,505.882
56.80,8.50,505.882
56.43,9.50,490.196
56.28,10.50,490.196
35.49,8.00,521.569
34.67,7.00,505.882
33.90,6.00,505.882
33.24,5.00,486.275
32.74,4.00,486.275
32.38,3.00,462.745
32.23,2.00,462.745
8.55,1.00,517.647
8.61,2.00,517.647
8.85,3.00,521.569
9.17,4.00,521.569
9.57,5.00,541.176
10.03,6.00,541.176
10.55,7.00,572.549
11.16,8.00,572.549
37.38,10.50,619.608
37.53,9.50,600
37.90,8.50,600
38.40,7.50,560.784
39.05,6.50,560.784
39.82,5.50,513.725
40.68,4.50,513.725
41.63,3.50,466.667
42.62,2.50,466.667
43.63,1.50,419.608
62.55,1.50,631.373
61.47,2.50,631.373
60.40,3.50,600
59.36,4.50,600
58.36,5.50,560.784
57.32,6.50,560.784
56.54,7.50,529.412
55.90,8.50,529.412
55.46,9.50,513.725
55.28,10.50,513.725
34.97,8.00,533.333
34.10,7.00,513.725
33.27,6.00,513.725
32.49,5.00,494.118
31.85,4.00,494.118
31.41,3.00,470.588
31.22,2.00,470.588
9.56,1.00,525.49
9.60,2.00,525.49
9.82,3.00,525.49
10.12,4.00,525.49
10.49,5.00,541.176
10.92,6.00,541.176
11.41,7.00,564.706
11.98,8.00,564.706
36.38,10.50,607.843
36.57,9.50,600
37.00,8.50,600
37.64,7.50,572.549
38.42,6.50,572.549
39.47,5.50,525.49
40.47,4.50,525.49
41.50,3.50,482.353
42.57,2.50,482.353
43.65,1.50,435.294
62.33,1.50,631.373
61.78,2.50,631.373
61.48,3.50,600
55.91,7.50,529.412
55.12,8.50,529.412
54.52,9.50,513.725
54.27,10.50,513.725
34.53,8.00,533.333
33.62,7.00,513.725
32.73,6.00,513.725
31.87,5.00,494.118
31.07,4.00,494.118
30.47,3.00,470.588
30.22,2.00,470.588
10.56,1.00,525.49
10.59,2.00,525.49
10.80,3.00,525.49
11.07,4.00,525.49
11.42,5.00,541.176
11.82,6.00,541.176
12.28,7.00,564.706
12.83,8.00,564.706
35.37,10.50,607.843
35.62,9.50,600
36.22,8.50,600
37.02,7.50,572.549
42.60,3.50,482.353
42.90,2.50,482.353
43.45,1.50,435.294
61.53,1.50,643.137
60.71,2.50,643.137
60.26,3.50,603.922
55.41,7.91,537.255
54.53,9.19,537.255
53.71,9.62,529.412
53.26,10.61,529.412
34.19,8.00,525.49
33.24,7.00,501.961
32.29,6.00,501.961
31.37,5.00,482.353
30.48,4.00,482.353
29.66,3.00,462.745
29.21,2.00,462.745
11.56,1.00,541.176
11.59,2.00,541.176
11.78,3.00,552.941
12.03,4.00,552.941
12.36,5.00,560.784
12.74,6.00,560.784
13.17,7.00,568.627
13.69,8.00,568.627
34.36,10.61,588.235
34.81,9.62,588.235
35.63,9.19,588.235
36.52,7.91,568.627
41.37,3.50,490.196
41.83,2.50,490.196
42.65,1.50,443.137
61.11,1.50,643.137
60.17,2.50,643.137
59.30,3.50,603.922
55.06,7.50,537.255
54.10,8.50,537.255
53.17,9.50,529.412
52.29,10.50,529.412
33.96,8.14,525.49
32.98,7.02,501.961
31.99,6.02,501.961
31.02,5.02,482.353
30.06,4.03,482.353
29.12,3.04,462.745
28.24,2.06,462.745
12.55,1.12,541.176
12.58,2.06,541.176
12.76,3.04,552.941
13.00,4.03,552.941
13.30,5.02,560.784
13.66,6.02,560.784
14.07,7.02,568.627
14.55,8.14,568.627
33.39,10.50,588.235
34.27,9.50,588.235
35.21,8.50,588.235
36.17,7.50,568.627
40.42,3.50,490.196
41.29,2.50,490.196
42.23,1.50,443.137
60.90,1.50,631.373
59.90,2.50,631.373
58.91,3.50,592.157
57.94,4.50,592.157
56.96,5.50,564.706
55.90,6.50,564.706
54.89,7.50,549.02
53.90,8.50,549.02
52.90,9.50,549.02
51.91,10.50,549.02
50.94,10.50,552.941
49.96,10.61,552.941
48.95,10.50,549.02
47.95,10.50,549.02
46.95,10.50,541.176
45.95,10.50,541.176
44.95,10.50,537.255
43.95,10.50,537.255
42.95,10.50,549.02
41.95,10.50,549.02
40.95,10.50,560.784
39.95,10.50,560.784
38.95,10.50,549.02
37.95,10.50,549.02
36.95,10.50,525.49
35.94,10.11,525.49
34.88,9.12,501.961
33.87,8.14,501.961
32.87,7.16,486.275
31.87,6.18,486.275
30.87,5.22,474.51
29.87,4.27,474.51
28.87,3.35,458.824
27.88,2.50,458.824
26.89,1.80,447.059
25.91,1.50,447.059
24.91,1.50,458.824
23.91,1.50,458.824
22.90,1.50,482.353
21.90,1.50,482.353
20.90,1.50,505.882
19.89,1.50,505.882
18.89,1.50,513.725
17.88,1.50,513.725
16.88,1.50,513.725
15.87,1.50,513.725
14.86,1.50,525.49
13.89,1.50,525.49
13.53,1.80,545.098
13.57,2.50,545.098
13.74,3.35,568.627
13.97,4.27,568.627
14.25,5.22,580.392
14.59,6.18,580.392
14.98,7.16,584.314
15.42,8.14,584.314
15.99,9.12,592.157
17.00,10.11,592.157
18.02,10.50,600
19.02,10.50,600
20.03,10.50,615.686
21.04,10.50,615.686
22.04,10.50,627.451
23.04,10.50,627.451
24.05,10.50,623.529
25.05,10.50,623.529
26.05,10.50,600
27.05,10.50,600
28.06,10.50,572.549
29.06,10.50,572.549
30.06,10.50,560.784
31.06,10.61,560.784
32.05,10.50,564.706
33.03,10.50,564.706
34.02,9.50,564.706
35.02,8.50,564.706
36.02,7.50,545.098
37.02,6.50,545.098
38.08,5.50,513.725
39.06,4.50,513.725
40.04,3.50,478.431
41.03,2.50,478.431
42.03,1.50,435.294
60.89,1.50,631.373
59.89,2.50,631.373
58.89,3.50,592.157
57.89,4.50,592.157
56.90,5.50,564.706
55.90,6.50,564.706
54.90,7.50,549.02
53.90,8.50,549.02
52.90,9.50,549.02
51.90,9.50,549.02
50.90,9.50,552.941
49.90,9.62,552.941
48.90,9.50,549.02
47.90,9.50,549.02
46.90,9.50,541.176
45.90,9.50,541.176
44.90,9.50,537.255
43.90,9.50,537.255
42.91,9.50,549.02
41.91,9.50,549.02
40.91,9.50,560.784
39.91,9.50,560.784
38.91,9.50,549.02
37.91,9.50,549.02
36.91,9.50,525.49
35.91,9.62,525.49
34.91,9.50,501.961
33.91,8.38,501.961
32.91,7.43,486.275
31.91,6.50,486.275
30.91,5.59,474.51
29.91,4.72,474.51
28.91,3.91,458.824
27.92,3.20,458.824
26.92,2.69,447.059
25.92,2.50,447.059
24.93,2.50,458.824
23.94,2.50,458.824
22.95,2.50,482.353
21.96,2.50,482.353
20.97,2.50,505.882
19.98,2.50,505.882
19.00,2.50,513.725
18.03,2.50,513.725
17.06,2.50,513.725
16.12,2.50,513.725
15.31,2.50,525.49
14.77,2.50,525.49
14.53,2.69,545.098
14.57,3.20,545.098
14.73,3.91,568.627
14.94,4.72,568.627
15.21,5.59,580.392
15.53,6.50,580.392
15.90,7.43,584.314
16.32,8.38,584.314
16.80,9.50,592.157
17.42,9.62,592.157
18.24,9.50,600
19.19,9.50,600
20.16,9.50,615.686
21.14,9.50,615.686
22.12,9.50,627.451
23.11,9.50,627.451
24.10,9.50,623.529
25.09,9.50,623.529
26.08,9.50,600
27.07,9.50,600
28.07,9.50,572.549
29.06,9.50,572.549
30.06,9.50,560.784
31.05,9.62,560.784
32.05,9.50,564.706
33.05,9.50,564.706
34.05,9.50,564.706
35.04,8.50,564.706
36.04,7.50,545.098
37.04,6.50,545.098
38.04,5.50,513.725
39.04,4.50,513.725
40.04,3.50,478.431
41.04,2.50,478.431
42.04,1.50,435.294
60.94,1.50,611.765
59.95,2.50,611.765
58.95,3.50,588.235
57.95,4.50,588.235
56.95,5.50,576.471
55.95,6.50,576.471
54.95,7.50,576.471
53.96,8.50,576.471
52.96,8.50,576.471
51.96,8.50,576.471
50.96,8.50,580.392
49.97,9.19,580.392
48.97,8.50,572.549
47.97,8.50,572.549
46.97,8.50,560.784
45.98,8.50,560.784
44.98,8.50,549.02
43.98,8.50,549.02
42.98,8.50,541.176
41.98,8.50,541.176
40.99,8.50,533.333
39.99,8.50,533.333
38.99,8.50,513.725
37.99,8.50,513.725
37.00,8.50,486.275
36.00,9.19,486.275
35.00,8.50,478.431
34.01,8.50,478.431
33.02,8.32,482.353
32.03,6.95,482.353
31.04,6.10,482.353
30.05,5.32,482.353
29.06,4.61,474.51
28.07,4.03,474.51
27.09,3.64,466.667
26.10,3.50,466.667
25.12,3.50,474.51
24.14,3.50,474.51
23.17,3.50,498.039
22.20,3.50,498.039
21.23,3.50,517.647
20.27,3.50,517.647
19.33,3.50,513.725
18.40,3.50,513.725
17.50,3.50,505.882
16.72,3.50,505.882
16.13,3.50,513.725
15.71,3.50,513.725
15.53,3.64,533.333
15.57,4.03,533.333
15.71,4.61,564.706
15.92,5.32,564.706
16.17,6.10,580.392
16.48,6.95,580.392
16.83,8.32,588.235
17.23,8.50,588.235
17.68,8.50,596.078
18.20,9.19,596.078
18.83,8.50,600
19.61,8.50,600
20.51,8.50,611.765
21.44,8.50,611.765
22.40,8.50,619.608
23.36,8.50,619.608
24.33,8.50,611.765
25.30,8.50,611.765
26.28,8.50,588.235
27.26,8.50,588.235
28.24,8.50,560.784
29.22,8.50,560.784
30.21,8.50,552.941
31.20,9.19,552.941
32.19,8.50,552.941
33.18,8.50,552.941
34.17,8.50,545.098
35.16,8.50,545.098
36.15,7.50,517.647
37.15,6.50,517.647
38.14,5.50,486.275
39.13,4.50,486.275
40.13,3.50,454.902
41.12,2.50,454.902
42.12,1.50,419.608
61.02,1.50,611.765
60.02,2.50,611.765
59.03,3.50,588.235
58.03,4.50,588.235
57.03,5.50,576.471
56.04,6.50,576.471
55.05,7.50,576.471
54.05,7.50,576.471
53.06,7.50,576.471
52.08,7.50,576.471
51.11,7.50,580.392
50.14,7.91,580.392
49.07,7.50,572.549
48.06,7.50,572.549
47.07,7.50,560.784
46.07,7.50,560.784
45.08,7.50,549.02
44.08,7.50,549.02
43.09,7.50,541.176
42.09,7.50,541.176
41.10,7.50,533.333
40.11,7.50,533.333
39.12,7.50,513.725
38.14,7.50,513.725
37.19,7.50,486.275
36.22,7.91,486.275
35.17,7.50,478.431
34.17,7.50,478.431
33.19,7.50,482.353
32.20,7.50,482.353
31.22,6.73,482.353
30.24,6.02,482.353
29.27,5.41,474.51
28.30,4.92,474.51
27.36,4.61,466.667
26.41,4.50,466.667
25.39,4.50,474.51
24.42,4.50,474.51
23.47,4.50,498.039
22.52,4.50,498.039
21.58,4.50,517.647
20.66,4.50,517.647
19.76,4.50,513.725
18.89,4.50,513.725
18.14,4.50,505.882
17.52,4.50,505.882
17.02,4.50,513.725
16.67,4.50,513.725
16.53,4.61,533.333
16.57,4.92,533.333
16.70,5.41,564.706
16.90,6.02,564.706
17.14,6.73,580.392
17.43,7.50,580.392
17.77,7.50,588.235
18.15,7.50,588.235
18.57,7.50,596.078
19.05,7.91,596.078
19.61,7.50,600
20.25,7.50,600
21.00,7.50,611.765
21.85,7.50,611.765
22.76,7.50,619.608
23.69,7.50,619.608
24.64,7.50,611.765
25.59,7.50,611.765
26.54,7.50,588.235
27.51,7.50,588.235
28.47,7.50,560.784
29.45,7.50,560.784
30.43,7.50,552.941
31.47,7.91,552.941
32.42,7.50,552.941
33.37,7.50,552.941
34.35,7.50,545.098
35.33,7.50,545.098
36.31,7.50,517.647
37.30,6.50,517.647
38.29,5.50,486.275
39.28,4.50,486.275
40.26,3.50,454.902
41.26,2.50,454.902
42.25,1.50,419.608
61.14,1.50,600
60.15,2.50,600
59.16,3.50,588.235
58.18,4.50,588.235
57.19,5.50,588.235
56.21,6.50,588.235
55.24,6.50,596.078
54.29,6.50,596.078
53.35,6.50,600
52.49,6.50,600
48.19,6.50,584.314
47.20,6.50,564.706
46.22,6.50,564.706
45.23,6.50,549.02
44.25,6.50,549.02
43.27,6.50,529.412
42.29,6.50,529.412
41.32,6.50,498.039
40.36,6.50,498.039
39.43,6.50,470.588
38.57,6.50,470.588
34.39,6.50,458.824
33.42,6.50,470.588
32.45,6.50,470.588
31.49,6.50,478.431
30.54,6.50,478.431
29.61,6.26,478.431
28.76,5.85,478.431
24.76,5.50,490.196
23.84,5.50,509.804
22.92,5.50,509.804
22.01,5.50,521.569
21.13,5.50,521.569
20.30,5.50,513.725
19.55,5.50,513.725
18.92,5.50,505.882
17.53,5.59,529.412
17.57,5.85,529.412
17.69,6.26,556.863
17.88,6.50,556.863
18.11,6.50,576.471
18.39,6.50,576.471
18.71,6.50,592.157
19.08,6.50,592.157
21.02,6.50,600
21.67,6.50,607.843
22.40,6.50,607.843
23.23,6.50,607.843
24.11,6.50,607.843
25.02,6.50,596.078
25.94,6.50,596.078
26.88,6.50,572.549
27.82,6.50,572.549
28.77,6.50,552.941
29.72,6.50,552.941
33.82,6.50,537.255
34.67,6.50,521.569
35.60,6.50,521.569
36.56,6.50,486.275
37.52,6.50,486.275
38.50,5.50,454.902
39.47,4.50,454.902
40.45,3.50,431.373
41.43,2.50,431.373
42.41,1.50,403.922
61.33,1.50,600
60.35,2.50,600
59.38,3.50,588.235
58.42,4.50,588.235
57.46,5.50,588.235
56.52,5.50,588.235
55.60,5.50,596.078
54.72,5.50,596.078
53.93,5.50,600
53.45,5.50,600
48.38,5.50,584.314
47.41,5.50,564.706
46.43,5.50,564.706
45.46,5.50,549.02
44.50,5.50,549.02
43.54,5.50,529.412
42.60,5.50,529.412
41.68,5.50,498.039
40.80,5.50,498.039
40.00,5.50,470.588
39.54,5.50,470.588
34.67,5.50,458.824
33.73,5.50,470.588
32.79,5.50,470.588
31.87,5.50,478.431
30.99,5.50,478.431
30.18,5.50,478.431
29.74,5.50,478.431
25.17,5.50,490.196
24.27,5.50,509.804
23.38,5.50,509.804
22.52,5.50,521.569
21.71,5.50,521.569
20.96,5.50,513.725
20.31,5.50,513.725
19.97,5.50,505.882
18.59,5.50,529.412
18.57,5.50,529.412
18.68,5.50,556.863
18.86,5.50,556.863
19.08,5.50,576.471
19.35,5.50,576.471
19.65,5.50,592.157
20.05,5.50,592.157
22.06,5.50,600
22.42,5.50,607.843
23.08,5.50,607.843
23.81,5.50,607.843
24.61,5.50,607.843
25.47,5.50,596.078
26.36,5.50,596.078
27.27,5.50,572.549
28.19,5.50,572.549
29.12,5.50,552.941
30.05,5.50,552.941
34.79,5.50,537.255
35.24,5.50,521.569
36.04,5.50,521.569
36.93,5.50,486.275
37.85,5.50,486.275
38.79,5.50,454.902
39.74,4.50,454.902
40.70,3.50,431.373
41.67,2.50,431.373
42.64,1.50,403.922
61.58,1.50,611.765
60.62,2.50,611.765
59.68,3.50,596.078
58.77,4.50,596.078
57.91,4.50,596.078
57.36,4.50,596.078
56.98,4.50,600
55.40,4.50,600
54.31,4.50,603.922
53.33,4.50,603.922
48.63,4.50,572.549
47.67,4.50,552.941
46.72,4.50,552.941
45.77,4.50,541.176
44.84,4.50,541.176
43.92,4.50,509.804
43.03,4.50,509.804
42.23,4.50,466.667
41.69,4.50,466.667
41.22,4.50,443.137
39.86,4.50,443.137
35.03,4.50,447.059
34.12,4.50,454.902
33.22,4.50,454.902
32.37,4.50,462.745
31.63,4.50,462.745
31.14,4.50,470.588
30.87,4.50,470.588
25.63,4.50,501.961
24.76,4.50,513.725
23.92,4.50,513.725
23.12,4.50,513.725
22.38,4.50,513.725
21.72,4.50,517.647
21.18,4.50,517.647
20.97,4.50,521.569
19.57,4.50,529.412
19.57,4.50,529.412
19.67,4.50,549.02
19.84,4.50,549.02
20.05,4.50,572.549
20.31,4.50,572.549
20.60,4.50,592.157
20.97,4.50,592.157
23.06,4.50,603.922
23.28,4.50,603.922
23.83,4.50,603.922
24.50,4.50,600
25.22,4.50,600
26.01,4.50,580.392
26.85,4.50,580.392
27.72,4.50,552.941
28.61,4.50,552.941
29.52,4.50,537.255
30.43,4.50,537.255
36.09,4.50,517.647
36.35,4.50,490.196
36.81,4.50,490.196
37.44,4.50,454.902
38.28,4.50,454.902
39.17,4.50,431.373
40.09,4.50,431.373
41.02,3.50,419.608
41.97,2.50,419.608
42.92,1.50,396.078
62.14,1.50,611.765
62.03,2.50,611.765
60.22,3.50,596.078
59.08,3.50,596.078
58.04,3.50,596.078
57.02,3.50,596.078
56.00,3.50,600
54.98,3.50,600
53.98,3.50,603.922
52.97,3.50,603.922
51.98,3.50,592.157
50.98,3.50,592.157
49.89,3.50,572.549
48.93,3.50,572.549
47.99,3.50,552.941
47.07,3.50,552.941
46.16,3.50,541.176
45.31,3.50,541.176
44.78,3.50,509.804
43.99,3.50,509.804
42.62,3.50,466.667
41.54,3.50,466.667
40.49,3.50,443.137
39.46,3.50,443.137
38.45,3.50,439.216
37.45,3.50,439.216
36.37,3.50,447.059
35.46,3.50,447.059
34.59,3.50,454.902
33.80,3.50,454.902
33.32,3.50,462.745
33.63,3.50,462.745
31.26,3.50,470.588
30.12,3.50,470.588
29.07,3.50,486.275
28.07,3.50,486.275
27.01,3.50,501.961
26.15,3.50,501.961
25.32,3.50,513.725
24.53,3.50,513.725
23.80,3.50,513.725
23.13,3.50,513.725
22.53,3.50,517.647
22.13,3.50,517.647
22.00,3.50,521.569
23.11,3.50,521.569
21.88,3.50,521.569
20.92,3.50,521.569
20.55,3.50,529.412
20.57,3.50,529.412
20.67,3.50,549.02
20.83,3.50,549.02
21.03,3.50,572.549
21.27,3.50,572.549
21.56,3.50,592.157
21.89,3.50,592.157
22.38,3.50,600
23.38,3.50,600
24.45,3.50,603.922
24.19,3.50,603.922
24.24,3.50,603.922
24.64,3.50,603.922
25.24,3.50,600
25.91,3.50,600
26.63,3.50,580.392
27.41,3.50,580.392
28.23,3.50,552.941
29.09,3.50,552.941
29.97,3.50,537.255
30.86,3.50,537.255
31.76,3.50,525.49
32.83,3.50,525.49
33.83,3.50,517.647
34.85,3.50,517.647
35.90,3.50,490.196
36.99,3.50,490.196
38.23,3.50,454.902
39.31,3.50,454.902
39.71,3.50,431.373
40.52,3.50,431.373
41.40,3.50,419.608
42.32,2.50,419.608
43.25,1.50,396.078
62.11,1.50,623.529
61.09,2.50,623.529
60.07,2.50,607.843
59.06,2.50,607.843
58.05,2.50,596.078
57.05,2.50,596.078
56.04,2.50,600
55.04,2.50,600
54.05,2.50,600
53.06,2.50,600
52.10,2.50,580.392
51.15,2.50,580.392
50.22,2.50,549.02
49.31,2.50,549.02
48.43,2.50,529.412
47.77,2.50,529.412
47.89,2.50,521.569
45.76,2.50,521.569
44.66,2.50,490.196
43.60,2.50,490.196
42.57,2.50,447.059
41.55,2.50,447.059
40.55,2.50,431.373
39.56,2.50,431.373
38.61,2.50,435.294
37.70,2.50,435.294
36.82,2.50,447.059
36.01,2.50,447.059
35.50,2.50,447.059
34.86,2.50,447.059
33.42,2.50,450.98
32.27,2.50,450.98
31.21,2.50,462.745
30.22,2.50,462.745
29.26,2.50,490.196
28.38,2.50,490.196
27.54,2.50,513.725
26.73,2.50,513.725
25.94,2.50,517.647
25.21,2.50,517.647
24.53,2.50,513.725
23.92,2.50,513.725
23.43,2.50,517.647
23.12,2.50,517.647
23.07,2.50,529.412
23.40,2.50,529.412
22.34,2.50,529.412
21.80,2.50,529.412
21.55,2.50,525.49
21.57,2.50,525.49
21.66,2.50,545.098
21.81,2.50,545.098
22.01,2.50,572.549
22.24,2.50,572.549
22.52,2.50,592.157
22.83,2.50,592.157
23.23,2.50,600
23.81,2.50,600
24.69,2.50,603.922
25.63,2.50,603.922
25.28,2.50,611.765
25.54,2.50,611.765
26.02,2.50,600
26.65,2.50,600
27.32,2.50,576.471
28.05,2.50,576.471
28.81,2.50,541.176
29.62,2.50,541.176
30.47,2.50,513.725
31.33,2.50,513.725
32.21,2.50,501.961
33.10,2.50,501.961
34.00,2.50,490.196
34.96,2.50,490.196
35.95,2.50,466.667
36.96,2.50,466.667
37.99,2.50,439.216
39.06,2.50,439.216
40.19,2.50,427.451
42.05,2.50,427.451
42.08,2.50,419.608
42.77,2.50,419.608
43.65,1.50,396.078
62.24,1.50,623.529
61.26,1.50,623.529
60.25,1.50,607.843
59.26,1.50,607.843
58.26,1.50,596.078
57.27,1.50,596.078
56.28,1.50,600
55.31,1.50,600
54.36,1.50,600
53.42,1.50,600
52.49,1.50,580.392
51.57,1.50,580.392
50.70,1.50,549.02
50.08,1.50,549.02
49.41,1.50,529.412
48.00,1.50,529.412
46.90,1.50,521.569
45.84,1.50,521.569
44.81,1.50,490.196
43.80,1.50,490.196
42.81,1.50,447.059
41.83,1.50,447.059
40.88,1.50,431.373
39.96,1.50,431.373
39.08,1.50,435.294
38.23,1.50,435.294
37.52,1.50,447.059
37.28,1.50,447.059
35.85,1.50,447.059
34.62,1.50,447.059
33.53,1.50,450.98
32.52,1.50,450.98
31.56,1.50,462.745
30.64,1.50,462.745
29.79,1.50,490.196
28.96,1.50,490.196
28.16,1.50,513.725
27.38,1.50,513.725
26.64,1.50,517.647
25.96,1.50,517.647
25.33,1.50,513.725
24.77,1.50,513.725
24.37,1.50,517.647
24.13,1.50,517.647
24.15,1.50,529.412
23.96,1.50,529.412
23.16,1.50,529.412
22.74,1.50,529.412
22.54,1.50,525.49
22.56,1.50,525.49
22.66,1.50,545.098
22.80,1.50,545.098
22.99,1.50,572.549
23.21,1.50,572.549
23.48,1.50,592.157
23.78,1.50,592.157
24.13,1.50,600
24.61,1.50,600
25.26,1.50,603.922
26.40,1.50,603.922
26.46,1.50,611.765
26.50,1.50,611.765
26.88,1.50,600
27.43,1.50,600
28.07,1.50,576.471
28.76,1.50,576.471
29.48,1.50,541.176
30.25,1.50,541.176
31.05,1.50,513.725
31.88,1.50,513.725
32.74,1.50,501.961
33.61,1.50,501.961
34.48,1.50,490.196
35.37,1.50,490.196
36.29,1.50,466.667
37.24,1.50,466.667
38.22,1.50,439.216
39.23,1.50,439.216
40.26,1.50,427.451
41.34,1.50,427.451
42.49,1.50,419.608
44.11,1.50,419.608
44.31,1.50,396.078
